,0
0,x_max
1,x_min
2,x_mean
3,x_median
4,x_variance
5,x_standard_deviation
6,x_1st_percentile
7,x_99th_percentile
8,x_displacement_between_99th_percentile_and_1st_percentile
9,y_max
10,y_min
11,y_mean
12,y_median
13,y_variance
14,y_standard_deviation
15,y_1st_percentile
16,y_99th_percentile
17,y_displacement_between_99th_percentile_and_1st_percentile
18,pressure_max
19,pressure_min
20,pressure_mean
21,pressure_median
22,pressure_variance
23,pressure_standard_deviation
24,pressure_1st_percentile
25,pressure_99th_percentile
26,pressure_displacement_between_99th_percentile_and_1st_percentile
27,azimuth_max
28,azimuth_min
29,azimuth_mean
30,azimuth_median
31,azimuth_variance
32,azimuth_standard_deviation
33,azimuth_1st_percentile
34,azimuth_99th_percentile
35,azimuth_displacement_between_99th_percentile_and_1st_percentile
36,altitude_max
37,altitude_min
38,altitude_mean
39,altitude_median
40,altitude_variance
41,altitude_standard_deviation
42,altitude_1st_percentile
43,altitude_99th_percentile
44,altitude_displacement_between_99th_percentile_and_1st_percentile
45,displacement_max
46,displacement_min
47,displacement_mean
48,displacement_median
49,displacement_variance
50,displacement_standard_deviation
51,displacement_1st_percentile
52,displacement_99th_percentile
53,displacement_displacement_between_99th_percentile_and_1st_percentile
54,velocity_max
55,velocity_min
56,velocity_mean
57,velocity_median
58,velocity_variance
59,velocity_standard_deviation
60,velocity_1st_percentile
61,velocity_99th_percentile
62,velocity_displacement_between_99th_percentile_and_1st_percentile
63,accleration_max
64,accleration_min
65,accleration_mean
66,accleration_median
67,accleration_variance
68,accleration_standard_deviation
69,accleration_1st_percentile
70,accleration_99th_percentile
71,accleration_displacement_between_99th_percentile_and_1st_percentile
72,jerk_max
73,jerk_min
74,jerk_mean
75,jerk_median
76,jerk_variance
77,jerk_standard_deviation
78,jerk_1st_percentile
79,jerk_99th_percentile
80,jerk_displacement_between_99th_percentile_and_1st_percentile
81,x_Number_of_changing_point
82,y_Number_of_changing_point
83,x_and_y_Number_of_changing_point
84,velocity_Number_of_changing_point
85,accleration_Number_of_changing_point
86,x_displacement_max
87,x_displacement_min
88,x_displacement_mean
89,x_displacement_median
90,x_displacement_variance
91,x_displacement_standard_deviation
92,x_displacement_1st_percentile
93,x_displacement_99th_percentile
94,x_displacement_displacement_between_99th_percentile_and_1st_percentile
95,x_velocity_max
96,x_velocity_min
97,x_velocity_mean
98,x_velocity_median
99,x_velocity_variance
100,x_velocity_standard_deviation
101,x_velocity_1st_percentile
102,x_velocity_99th_percentile
103,x_velocity_displacement_between_99th_percentile_and_1st_percentile
104,x_accleration_max
105,x_accleration_min
106,x_accleration_mean
107,x_accleration_median
108,x_accleration_variance
109,x_accleration_standard_deviation
110,x_accleration_1st_percentile
111,x_accleration_99th_percentile
112,x_accleration_displacement_between_99th_percentile_and_1st_percentile
113,x_jerk_max
114,x_jerk_min
115,x_jerk_mean
116,x_jerk_median
117,x_jerk_variance
118,x_jerk_standard_deviation
119,x_jerk_1st_percentile
120,x_jerk_99th_percentile
121,x_jerk_displacement_between_99th_percentile_and_1st_percentile
122,y_displacement_max
123,y_displacement_min
124,y_displacement_mean
125,y_displacement_median
126,y_displacement_variance
127,y_displacement_standard_deviation
128,y_displacement_1st_percentile
129,y_displacement_99th_percentile
130,y_displacement_displacement_between_99th_percentile_and_1st_percentile
131,y_velocity_max
132,y_velocity_min
133,y_velocity_mean
134,y_velocity_median
135,y_velocity_variance
136,y_velocity_standard_deviation
137,y_velocity_1st_percentile
138,y_velocity_99th_percentile
139,y_velocity_displacement_between_99th_percentile_and_1st_percentile
140,y_accleration_max
141,y_accleration_min
142,y_accleration_mean
143,y_accleration_median
144,y_accleration_variance
145,y_accleration_standard_deviation
146,y_accleration_1st_percentile
147,y_accleration_99th_percentile
148,y_accleration_displacement_between_99th_percentile_and_1st_percentile
149,y_jerk_max
150,y_jerk_min
151,y_jerk_mean
152,y_jerk_median
153,y_jerk_variance
154,y_jerk_standard_deviation
155,y_jerk_1st_percentile
156,y_jerk_99th_percentile
157,y_jerk_displacement_between_99th_percentile_and_1st_percentile
158,x_displacement_no_abs_max
159,x_displacement_no_abs_min
160,x_displacement_no_abs_mean
161,x_displacement_no_abs_median
162,x_displacement_no_abs_variance
163,x_displacement_no_abs_standard_deviation
164,x_displacement_no_abs_1st_percentile
165,x_displacement_no_abs_99th_percentile
166,x_displacement_no_abs_displacement_between_99th_percentile_and_1st_percentile
167,x_velocity_no_abs_max
168,x_velocity_no_abs_min
169,x_velocity_no_abs_mean
170,x_velocity_no_abs_median
171,x_velocity_no_abs_variance
172,x_velocity_no_abs_standard_deviation
173,x_velocity_no_abs_1st_percentile
174,x_velocity_no_abs_99th_percentile
175,x_velocity_no_abs_displacement_between_99th_percentile_and_1st_percentile
176,x_accleration_no_abs_max
177,x_accleration_no_abs_min
178,x_accleration_no_abs_mean
179,x_accleration_no_abs_median
180,x_accleration_no_abs_variance
181,x_accleration_no_abs_standard_deviation
182,x_accleration_no_abs_1st_percentile
183,x_accleration_no_abs_99th_percentile
184,x_accleration_no_abs_displacement_between_99th_percentile_and_1st_percentile
185,x_jerk_no_abs_max
186,x_jerk_no_abs_min
187,x_jerk_no_abs_mean
188,x_jerk_no_abs_median
189,x_jerk_no_abs_variance
190,x_jerk_no_abs_standard_deviation
191,x_jerk_no_abs_1st_percentile
192,x_jerk_no_abs_99th_percentile
193,x_jerk_no_abs_displacement_between_99th_percentile_and_1st_percentile
194,y_displacement_no_abs_max
195,y_displacement_no_abs_min
196,y_displacement_no_abs_mean
197,y_displacement_no_abs_median
198,y_displacement_no_abs_variance
199,y_displacement_no_abs_standard_deviation
200,y_displacement_no_abs_1st_percentile
201,y_displacement_no_abs_99th_percentile
202,y_displacement_no_abs_displacement_between_99th_percentile_and_1st_percentile
203,y_velocity_no_abs_max
204,y_velocity_no_abs_min
205,y_velocity_no_abs_mean
206,y_velocity_no_abs_median
207,y_velocity_no_abs_variance
208,y_velocity_no_abs_standard_deviation
209,y_velocity_no_abs_1st_percentile
210,y_velocity_no_abs_99th_percentile
211,y_velocity_no_abs_displacement_between_99th_percentile_and_1st_percentile
212,y_accleration_max
213,y_accleration_min
214,y_accleration_mean
215,y_accleration_median
216,y_accleration_variance
217,y_accleration_standard_deviation
218,y_accleration_1st_percentile
219,y_accleration_99th_percentile
220,y_accleration_displacement_between_99th_percentile_and_1st_percentile
221,y_jerk_no_abs_max
222,y_jerk_no_abs_min
223,y_jerk_no_abs_mean
224,y_jerk_no_abs_median
225,y_jerk_no_abs_variance
226,y_jerk_no_abs_standard_deviation
227,y_jerk_no_abs_1st_percentile
228,y_jerk_no_abs_99th_percentile
229,y_jerk_no_abs_displacement_between_99th_percentile_and_1st_percentile
230,pressure_Number_of_changing_point
231,Number_of_stroke
232,in_air_time
233,on_surface_time
234,ratio_of_in_air_time
235,ratio_of_on_surface_time
236,overall_time
237,Shannon_Entropy(x)
238,Shannon_Entropy(y)
239,Shannon_Entropy(displacement)
240,Shannon_Entropy(velocity)
241,Shannon_Entropy(accleration)
242,Shannon_Entropy(jerk)
243,"Renyi_Entropy(x,2)"
244,"Renyi_Entropy(y,2)"
245,"Renyi_Entropy(displacement,2)"
246,"Renyi_Entropy(velocity,2)"
247,"Renyi_Entropy(accleration,2)"
248,"Renyi_Entropy(jerk,2)"
249,"Renyi_Entropy(x,3)"
250,"Renyi_Entropy(y,3)"
251,"Renyi_Entropy(displacement,3)"
252,"Renyi_Entropy(velocity,3)"
253,"Renyi_Entropy(accleration,3)"
254,"Renyi_Entropy(jerk,3)"
255,conventional_energy(x)
256,conventional_energy(y)
257,conventional_energy(displacement)
258,conventional_energy(velocity)
259,conventional_energy(accleration)
260,conventional_energy(jerk)
261,"teager_kaiser_energy(x,1)"
262,"teager_kaiser_energy(y,1)"
263,"teager_kaiser_energy(displacement,1)"
264,"teager_kaiser_energy(velocity,1)"
265,"teager_kaiser_energy(accleration,1)"
266,"teager_kaiser_energy(jerk,1)"
267,SNRce(x)
268,SNRce(y)
269,SNRce(displacement)
270,SNRce(velocity)
271,SNRce(accleration)
272,SNRce(jerk)
273,"SNRtke_r(x,1)"
274,"SNRtke_r(y,1)"
275,"SNRtke_r(displacement,1)"
276,"SNRtke_r(velocity,1)"
277,"SNRtke_r(accleration,1)"
278,"SNRtke_r(jerk,1)"
279,intrinsic_feature_shannon_entropy(x)
280,"intrinsic_feature_renyi_entropy(x,2)"
281,"intrinsic_feature_renyi_entropy(x,3)"
282,intrinsic_feature_conventional_energy(x)
283,"intrinsic_feature_teager_kaiser_energy(x,1)"
284,intrinsic_feature_shannon_entropy(y)
285,"intrinsic_feature_renyi_entropy(y,2)"
286,"intrinsic_feature_renyi_entropy(y,3)"
287,intrinsic_feature_conventional_energy(y)
288,"intrinsic_feature_teager_kaiser_energy(y,1)"
289,intrinsic_feature_shannon_entropy(displacement)
290,"intrinsic_feature_renyi_entropy(displacement,2)"
291,"intrinsic_feature_renyi_entropy(displacement,3)"
292,intrinsic_feature_conventional_energy(displacement)
293,"intrinsic_feature_teager_kaiser_energy(displacement,1)"
294,intrinsic_feature_shannon_entropy(velocity)
295,"intrinsic_feature_renyi_entropy(velocity,2)"
296,"intrinsic_feature_renyi_entropy(velocity,3)"
297,intrinsic_feature_conventional_energy(velocity)
298,"intrinsic_feature_teager_kaiser_energy(velocity,1)"
299,intrinsic_feature_shannon_entropy(accleration)
300,"intrinsic_feature_renyi_entropy(accleration,2)"
301,"intrinsic_feature_renyi_entropy(accleration,3)"
302,intrinsic_feature_conventional_energy(accleration)
303,"intrinsic_feature_teager_kaiser_energy(accleration,1)"
304,intrinsic_feature_shannon_entropy(jerk)
305,"intrinsic_feature_renyi_entropy(jerk,2)"
306,"intrinsic_feature_renyi_entropy(jerk,3)"
307,intrinsic_feature_conventional_energy(jerk)
308,"intrinsic_feature_teager_kaiser_energy(jerk,1)"
309,first_x_max
310,first_x_min
311,first_x_mean
312,first_x_median
313,first_x_variance
314,first_x_standard_deviation
315,first_x_1st_percentile
316,first_x_99th_percentile
317,first_x_displacement_between_99th_percentile_and_1st_percentile
318,first_y_max
319,first_y_min
320,first_y_mean
321,first_y_median
322,first_y_variance
323,first_y_standard_deviation
324,first_y_1st_percentile
325,first_y_99th_percentile
326,first_y_displacement_between_99th_percentile_and_1st_percentile
327,first_pressure_max
328,first_pressure_min
329,first_pressure_mean
330,first_pressure_median
331,first_pressure_variance
332,first_pressure_standard_deviation
333,first_pressure_1st_percentile
334,first_pressure_99th_percentile
335,first_pressure_displacement_between_99th_percentile_and_1st_percentile
336,first_azimuth_max
337,first_azimuth_min
338,first_azimuth_mean
339,first_azimuth_median
340,first_azimuth_variance
341,first_azimuth_standard_deviation
342,first_azimuth_1st_percentile
343,first_azimuth_99th_percentile
344,first_azimuth_displacement_between_99th_percentile_and_1st_percentile
345,first_altitude_max
346,first_altitude_min
347,first_altitude_mean
348,first_altitude_median
349,first_altitude_variance
350,first_altitude_standard_deviation
351,first_altitude_1st_percentile
352,first_altitude_99th_percentile
353,first_altitude_displacement_between_99th_percentile_and_1st_percentile
354,first_displacement_max
355,first_displacement_min
356,first_displacement_mean
357,first_displacement_median
358,first_displacement_variance
359,first_displacement_standard_deviation
360,first_displacement_1st_percentile
361,first_displacement_99th_percentile
362,first_displacement_displacement_between_99th_percentile_and_1st_percentile
363,first_velocity_max
364,first_velocity_min
365,first_velocity_mean
366,first_velocity_median
367,first_velocity_variance
368,first_velocity_standard_deviation
369,first_velocity_1st_percentile
370,first_velocity_99th_percentile
371,first_velocity_displacement_between_99th_percentile_and_1st_percentile
372,first_accleration_max
373,first_accleration_min
374,first_accleration_mean
375,first_accleration_median
376,first_accleration_variance
377,first_accleration_standard_deviation
378,first_accleration_1st_percentile
379,first_accleration_99th_percentile
380,first_accleration_displacement_between_99th_percentile_and_1st_percentile
381,first_jerk_max
382,first_jerk_min
383,first_jerk_mean
384,first_jerk_median
385,first_jerk_variance
386,first_jerk_standard_deviation
387,first_jerk_1st_percentile
388,first_jerk_99th_percentile
389,first_jerk_displacement_between_99th_percentile_and_1st_percentile
390,first_x_displacement_max
391,first_x_displacement_min
392,first_x_displacement_mean
393,first_x_displacement_median
394,first_x_displacement_variance
395,first_x_displacement_standard_deviation
396,first_x_displacement_1st_percentile
397,first_x_displacement_99th_percentile
398,first_x_displacement_displacement_between_99th_percentile_and_1st_percentile
399,first_x_velocity_max
400,first_x_velocity_min
401,first_x_velocity_mean
402,first_x_velocity_median
403,first_x_velocity_variance
404,first_x_velocity_standard_deviation
405,first_x_velocity_1st_percentile
406,first_x_velocity_99th_percentile
407,first_x_velocity_displacement_between_99th_percentile_and_1st_percentile
408,first_x_accleration_max
409,first_x_accleration_min
410,first_x_accleration_mean
411,first_x_accleration_median
412,first_x_accleration_variance
413,first_x_accleration_standard_deviation
414,first_x_accleration_1st_percentile
415,first_x_accleration_99th_percentile
416,first_x_accleration_displacement_between_99th_percentile_and_1st_percentile
417,first_x_jerk_max
418,first_x_jerk_min
419,first_x_jerk_mean
420,first_x_jerk_median
421,first_x_jerk_variance
422,first_x_jerk_standard_deviation
423,first_x_jerk_1st_percentile
424,first_x_jerk_99th_percentile
425,first_x_jerk_displacement_between_99th_percentile_and_1st_percentile
426,first_y_displacement_max
427,first_y_displacement_min
428,first_y_displacement_mean
429,first_y_displacement_median
430,first_y_displacement_variance
431,first_y_displacement_standard_deviation
432,first_y_displacement_1st_percentile
433,first_y_displacement_99th_percentile
434,first_y_displacement_displacement_between_99th_percentile_and_1st_percentile
435,first_y_velocity_max
436,first_y_velocity_min
437,first_y_velocity_mean
438,first_y_velocity_median
439,first_y_velocity_variance
440,first_y_velocity_standard_deviation
441,first_y_velocity_1st_percentile
442,first_y_velocity_99th_percentile
443,first_y_velocity_displacement_between_99th_percentile_and_1st_percentile
444,first_y_accleration_max
445,first_y_accleration_min
446,first_y_accleration_mean
447,first_y_accleration_median
448,first_y_accleration_variance
449,first_y_accleration_standard_deviation
450,first_y_accleration_1st_percentile
451,first_y_accleration_99th_percentile
452,first_y_accleration_displacement_between_99th_percentile_and_1st_percentile
453,first_y_jerk_max
454,first_y_jerk_min
455,first_y_jerk_mean
456,first_y_jerk_median
457,first_y_jerk_variance
458,first_y_jerk_standard_deviation
459,first_y_jerk_1st_percentile
460,first_y_jerk_99th_percentile
461,first_y_jerk_displacement_between_99th_percentile_and_1st_percentile
462,first_x_displacement_no_abs_max
463,first_x_displacement_no_abs_min
464,first_x_displacement_no_abs_mean
465,first_x_displacement_no_abs_median
466,first_x_displacement_no_abs_variance
467,first_x_displacement_no_abs_standard_deviation
468,first_x_displacement_no_abs_1st_percentile
469,first_x_displacement_no_abs_99th_percentile
470,first_x_displacement_no_abs_displacement_between_99th_percentile_and_1st_percentile
471,first_x_velocity_no_abs_max
472,first_x_velocity_no_abs_min
473,first_x_velocity_no_abs_mean
474,first_x_velocity_no_abs_median
475,first_x_velocity_no_abs_variance
476,first_x_velocity_no_abs_standard_deviation
477,first_x_velocity_no_abs_1st_percentile
478,first_x_velocity_no_abs_99th_percentile
479,first_x_velocity_no_abs_displacement_between_99th_percentile_and_1st_percentile
480,first_x_accleration_no_abs_max
481,first_x_accleration_no_abs_min
482,first_x_accleration_no_abs_mean
483,first_x_accleration_no_abs_median
484,first_x_accleration_no_abs_variance
485,first_x_accleration_no_abs_standard_deviation
486,first_x_accleration_no_abs_1st_percentile
487,first_x_accleration_no_abs_99th_percentile
488,first_x_accleration_no_abs_displacement_between_99th_percentile_and_1st_percentile
489,first_x_jerk_no_abs_max
490,first_x_jerk_no_abs_min
491,first_x_jerk_no_abs_mean
492,first_x_jerk_no_abs_median
493,first_x_jerk_no_abs_variance
494,first_x_jerk_no_abs_standard_deviation
495,first_x_jerk_no_abs_1st_percentile
496,first_x_jerk_no_abs_99th_percentile
497,first_x_jerk_no_abs_displacement_between_99th_percentile_and_1st_percentile
498,first_y_displacement_no_abs_max
499,first_y_displacement_no_abs_min
500,first_y_displacement_no_abs_mean
501,first_y_displacement_no_abs_median
502,first_y_displacement_no_abs_variance
503,first_y_displacement_no_abs_standard_deviation
504,first_y_displacement_no_abs_1st_percentile
505,first_y_displacement_no_abs_99th_percentile
506,first_y_displacement_no_abs_displacement_between_99th_percentile_and_1st_percentile
507,first_y_velocity_no_abs_max
508,first_y_velocity_no_abs_min
509,first_y_velocity_no_abs_mean
510,first_y_velocity_no_abs_median
511,first_y_velocity_no_abs_variance
512,first_y_velocity_no_abs_standard_deviation
513,first_y_velocity_no_abs_1st_percentile
514,first_y_velocity_no_abs_99th_percentile
515,first_y_velocity_no_abs_displacement_between_99th_percentile_and_1st_percentile
516,first_y_accleration_no_abs_max
517,first_y_accleration_no_abs_min
518,first_y_accleration_no_abs_mean
519,first_y_accleration_no_abs_median
520,first_y_accleration_no_abs_variance
521,first_y_accleration_no_abs_standard_deviation
522,first_y_accleration_no_abs_1st_percentile
523,first_y_accleration_no_abs_99th_percentile
524,first_y_accleration_no_abs_displacement_between_99th_percentile_and_1st_percentile
525,first_y_jerk_no_abs_max
526,first_y_jerk_no_abs_min
527,first_y_jerk_no_abs_mean
528,first_y_jerk_no_abs_median
529,first_y_jerk_no_abs_variance
530,first_y_jerk_no_abs_standard_deviation
531,first_y_jerk_no_abs_1st_percentile
532,first_y_jerk_no_abs_99th_percentile
533,first_y_jerk_no_abs_displacement_between_99th_percentile_and_1st_percentile
534,last_x_max
535,last_x_min
536,last_x_mean
537,last_x_median
538,last_x_variance
539,last_x_standard_deviation
540,last_x_1st_percentile
541,last_x_99th_percentile
542,last_x_displacement_between_99th_percentile_and_1st_percentile
543,last_y_max
544,last_y_min
545,last_y_mean
546,last_y_median
547,last_y_variance
548,last_y_standard_deviation
549,last_y_1st_percentile
550,last_y_99th_percentile
551,last_y_displacement_between_99th_percentile_and_1st_percentile
552,last_pressure_max
553,last_pressure_min
554,last_pressure_mean
555,last_pressure_median
556,last_pressure_variance
557,last_pressure_standard_deviation
558,last_pressure_1st_percentile
559,last_pressure_99th_percentile
560,last_pressure_displacement_between_99th_percentile_and_1st_percentile
561,last_azimuth_max
562,last_azimuth_min
563,last_azimuth_mean
564,last_azimuth_median
565,last_azimuth_variance
566,last_azimuth_standard_deviation
567,last_azimuth_1st_percentile
568,last_azimuth_99th_percentile
569,last_azimuth_displacement_between_99th_percentile_and_1st_percentile
570,last_altitude_max
571,last_altitude_min
572,last_altitude_mean
573,last_altitude_median
574,last_altitude_variance
575,last_altitude_standard_deviation
576,last_altitude_1st_percentile
577,last_altitude_99th_percentile
578,last_altitude_displacement_between_99th_percentile_and_1st_percentile
579,last_displacement_max
580,last_displacement_min
581,last_displacement_mean
582,last_displacement_median
583,last_displacement_variance
584,last_displacement_standard_deviation
585,last_displacement_1st_percentile
586,last_displacement_99th_percentile
587,last_displacement_displacement_between_99th_percentile_and_1st_percentile
588,last_velocity_max
589,last_velocity_min
590,last_velocity_mean
591,last_velocity_median
592,last_velocity_variance
593,last_velocity_standard_deviation
594,last_velocity_1st_percentile
595,last_velocity_99th_percentile
596,last_velocity_displacement_between_99th_percentile_and_1st_percentile
597,last_accleration_max
598,last_accleration_min
599,last_accleration_mean
600,last_accleration_median
601,last_accleration_variance
602,last_accleration_standard_deviation
603,last_accleration_1st_percentile
604,last_accleration_99th_percentile
605,last_accleration_displacement_between_99th_percentile_and_1st_percentile
606,last_jerk_max
607,last_jerk_min
608,last_jerk_mean
609,last_jerk_median
610,last_jerk_variance
611,last_jerk_standard_deviation
612,last_jerk_1st_percentile
613,last_jerk_99th_percentile
614,last_jerk_displacement_between_99th_percentile_and_1st_percentile
615,last_x_displacement_max
616,last_x_displacement_min
617,last_x_displacement_mean
618,last_x_displacement_median
619,last_x_displacement_variance
620,last_x_displacement_standard_deviation
621,last_x_displacement_1st_percentile
622,last_x_displacement_99th_percentile
623,last_x_displacement_displacement_between_99th_percentile_and_1st_percentile
624,last_x_velocity_max
625,last_x_velocity_min
626,last_x_velocity_mean
627,last_x_velocity_median
628,last_x_velocity_variance
629,last_x_velocity_standard_deviation
630,last_x_velocity_1st_percentile
631,last_x_velocity_99th_percentile
632,last_x_velocity_displacement_between_99th_percentile_and_1st_percentile
633,last_x_accleration_max
634,last_x_accleration_min
635,last_x_accleration_mean
636,last_x_accleration_median
637,last_x_accleration_variance
638,last_x_accleration_standard_deviation
639,last_x_accleration_1st_percentile
640,last_x_accleration_99th_percentile
641,last_x_accleration_displacement_between_99th_percentile_and_1st_percentile
642,last_x_jerk_max
643,last_x_jerk_min
644,last_x_jerk_mean
645,last_x_jerk_median
646,last_x_jerk_variance
647,last_x_jerk_standard_deviation
648,last_x_jerk_1st_percentile
649,last_x_jerk_99th_percentile
650,last_x_jerk_displacement_between_99th_percentile_and_1st_percentile
651,last_y_displacement_max
652,last_y_displacement_min
653,last_y_displacement_mean
654,last_y_displacement_median
655,last_y_displacement_variance
656,last_y_displacement_standard_deviation
657,last_y_displacement_1st_percentile
658,last_y_displacement_99th_percentile
659,last_y_displacement_displacement_between_99th_percentile_and_1st_percentile
660,last_y_velocity_max
661,last_y_velocity_min
662,last_y_velocity_mean
663,last_y_velocity_median
664,last_y_velocity_variance
665,last_y_velocity_standard_deviation
666,last_y_velocity_1st_percentile
667,last_y_velocity_99th_percentile
668,last_y_velocity_displacement_between_99th_percentile_and_1st_percentile
669,last_y_accleration_max
670,last_y_accleration_min
671,last_y_accleration_mean
672,last_y_accleration_median
673,last_y_accleration_variance
674,last_y_accleration_standard_deviation
675,last_y_accleration_1st_percentile
676,last_y_accleration_99th_percentile
677,last_y_accleration_displacement_between_99th_percentile_and_1st_percentile
678,last_y_jerk_max
679,last_y_jerk_min
680,last_y_jerk_mean
681,last_y_jerk_median
682,last_y_jerk_variance
683,last_y_jerk_standard_deviation
684,last_y_jerk_1st_percentile
685,last_y_jerk_99th_percentile
686,last_y_jerk_displacement_between_99th_percentile_and_1st_percentile
687,last_x_displacement_no_abs_max
688,last_x_displacement_no_abs_min
689,last_x_displacement_no_abs_mean
690,last_x_displacement_no_abs_median
691,last_x_displacement_no_abs_variance
692,last_x_displacement_no_abs_standard_deviation
693,last_x_displacement_no_abs_1st_percentile
694,last_x_displacement_no_abs_99th_percentile
695,last_x_displacement_no_abs_displacement_between_99th_percentile_and_1st_percentile
696,last_x_velocity_no_abs_max
697,last_x_velocity_no_abs_min
698,last_x_velocity_no_abs_mean
699,last_x_velocity_no_abs_median
700,last_x_velocity_no_abs_variance
701,last_x_velocity_no_abs_standard_deviation
702,last_x_velocity_no_abs_1st_percentile
703,last_x_velocity_no_abs_99th_percentile
704,last_x_velocity_no_abs_displacement_between_99th_percentile_and_1st_percentile
705,last_x_accleration_no_abs_max
706,last_x_accleration_no_abs_min
707,last_x_accleration_no_abs_mean
708,last_x_accleration_no_abs_median
709,last_x_accleration_no_abs_variance
710,last_x_accleration_no_abs_standard_deviation
711,last_x_accleration_no_abs_1st_percentile
712,last_x_accleration_no_abs_99th_percentile
713,last_x_accleration_no_abs_displacement_between_99th_percentile_and_1st_percentile
714,last_x_jerk_no_abs_max
715,last_x_jerk_no_abs_min
716,last_x_jerk_no_abs_mean
717,last_x_jerk_no_abs_median
718,last_x_jerk_no_abs_variance
719,last_x_jerk_no_abs_standard_deviation
720,last_x_jerk_no_abs_1st_percentile
721,last_x_jerk_no_abs_99th_percentile
722,last_x_jerk_no_abs_displacement_between_99th_percentile_and_1st_percentile
723,last_y_displacement_no_abs_max
724,last_y_displacement_no_abs_min
725,last_y_displacement_no_abs_mean
726,last_y_displacement_no_abs_median
727,last_y_displacement_no_abs_variance
728,last_y_displacement_no_abs_standard_deviation
729,last_y_displacement_no_abs_1st_percentile
730,last_y_displacement_no_abs_99th_percentile
731,last_y_displacement_no_abs_displacement_between_99th_percentile_and_1st_percentile
732,last_y_velocity_no_abs_max
733,last_y_velocity_no_abs_min
734,last_y_velocity_no_abs_mean
735,last_y_velocity_no_abs_median
736,last_y_velocity_no_abs_variance
737,last_y_velocity_no_abs_standard_deviation
738,last_y_velocity_no_abs_1st_percentile
739,last_y_velocity_no_abs_99th_percentile
740,last_y_velocity_no_abs_displacement_between_99th_percentile_and_1st_percentile
741,last_y_accleration_no_abs_max
742,last_y_accleration_no_abs_min
743,last_y_accleration_no_abs_mean
744,last_y_accleration_no_abs_median
745,last_y_accleration_no_abs_variance
746,last_y_accleration_no_abs_standard_deviation
747,last_y_accleration_no_abs_1st_percentile
748,last_y_accleration_no_abs_99th_percentile
749,last_y_accleration_no_abs_displacement_between_99th_percentile_and_1st_percentile
750,last_y_jerk_no_abs_max
751,last_y_jerk_no_abs_min
752,last_y_jerk_no_abs_mean
753,last_y_jerk_no_abs_median
754,last_y_jerk_no_abs_variance
755,last_y_jerk_no_abs_standard_deviation
756,last_y_jerk_no_abs_1st_percentile
757,last_y_jerk_no_abs_99th_percentile
758,last_y_jerk_no_abs_displacement_between_99th_percentile_and_1st_percentile
759,angle_data_with_10_max
760,angle_data_with_10_min
761,angle_data_with_10_mean
762,angle_data_with_10_median
763,angle_data_with_10_variance
764,angle_data_with_10_standard_deviation
765,angle_data_with_10_1st_percentile
766,angle_data_with_10_99th_percentile
767,angle_data_with_10_displacement_between_99th_percentile_and_1st_percentile
768,angle_data_with_20_max
769,angle_data_with_20_min
770,angle_data_with_20_mean
771,angle_data_with_20_median
772,angle_data_with_20_variance
773,angle_data_with_20_standard_deviation
774,angle_data_with_20_1st_percentile
775,angle_data_with_20_99th_percentile
776,angle_data_with_20_displacement_between_99th_percentile_and_1st_percentile
777,angle_data_with_30_max
778,angle_data_with_30_min
779,angle_data_with_30_mean
780,angle_data_with_30_median
781,angle_data_with_30_variance
782,angle_data_with_30_standard_deviation
783,angle_data_with_30_1st_percentile
784,angle_data_with_30_99th_percentile
785,angle_data_with_30_displacement_between_99th_percentile_and_1st_percentile
786,angle_data_with_40_max
787,angle_data_with_40_min
788,angle_data_with_40_mean
789,angle_data_with_40_median
790,angle_data_with_40_variance
791,angle_data_with_40_standard_deviation
792,angle_data_with_40_1st_percentile
793,angle_data_with_40_99th_percentile
794,angle_data_with_40_displacement_between_99th_percentile_and_1st_percentile
795,angle_data_with_50_max
796,angle_data_with_50_min
797,angle_data_with_50_mean
798,angle_data_with_50_median
799,angle_data_with_50_variance
800,angle_data_with_50_standard_deviation
801,angle_data_with_50_1st_percentile
802,angle_data_with_50_99th_percentile
803,angle_data_with_50_displacement_between_99th_percentile_and_1st_percentile
804,angle_data_with_60_max
805,angle_data_with_60_min
806,angle_data_with_60_mean
807,angle_data_with_60_median
808,angle_data_with_60_variance
809,angle_data_with_60_standard_deviation
810,angle_data_with_60_1st_percentile
811,angle_data_with_60_99th_percentile
812,angle_data_with_60_displacement_between_99th_percentile_and_1st_percentile
813,angle_data_with_70_max
814,angle_data_with_70_min
815,angle_data_with_70_mean
816,angle_data_with_70_median
817,angle_data_with_70_variance
818,angle_data_with_70_standard_deviation
819,angle_data_with_70_1st_percentile
820,angle_data_with_70_99th_percentile
821,angle_data_with_70_displacement_between_99th_percentile_and_1st_percentile
822,angle_data_with_80_max
823,angle_data_with_80_min
824,angle_data_with_80_mean
825,angle_data_with_80_median
826,angle_data_with_80_variance
827,angle_data_with_80_standard_deviation
828,angle_data_with_80_1st_percentile
829,angle_data_with_80_99th_percentile
830,angle_data_with_80_displacement_between_99th_percentile_and_1st_percentile
831,angle_data_with_90_max
832,angle_data_with_90_min
833,angle_data_with_90_mean
834,angle_data_with_90_median
835,angle_data_with_90_variance
836,angle_data_with_90_standard_deviation
837,angle_data_with_90_1st_percentile
838,angle_data_with_90_99th_percentile
839,angle_data_with_90_displacement_between_99th_percentile_and_1st_percentile
840,angle_data_with_100_max
841,angle_data_with_100_min
842,angle_data_with_100_mean
843,angle_data_with_100_median
844,angle_data_with_100_variance
845,angle_data_with_100_standard_deviation
846,angle_data_with_100_1st_percentile
847,angle_data_with_100_99th_percentile
848,angle_data_with_100_displacement_between_99th_percentile_and_1st_percentile
